broker,share
unknown,0.02882065185359816
kevin matyas,0.01779925738197678
haring immobilien treuhand gmbh,0.01744562975187128
julian kukacka,0.013025284375552544
mag. fh thomas schwarz,0.012318029115341545
samir agha-schantl,0.01172864973183238
sabrina najjar,0.0110803324099723
dolores markovic,0.010785642718217716
benjamin pippan,0.010373077149761302
clemens dostal,0.010255201273059468
di birgita ehrenberger,0.009017504567690222
elisabeth papsch & sonja kaspar,0.008192373430777392
martin steininger,0.007956621677373725
daniel bolataschwili,0.007661931985619143
ilse reindl,0.007661931985619143
crownd estates service,0.007131490540460895
michele ancona,0.007131490540460895
anna gasienica-fronek,0.007072552602109978
frau sonja kaspar & frau elisabeth papsch,0.006718924972004479
raiffeisen eigentum wohnung,0.00654211115695173
raiffeisen vorsorge wohnung,0.006424235280249897
alexander breinhölder,0.00636529734189898
christian patronas,0.00636529734189898
ehsan karimian,0.006247421465197148
luca schelodetz,0.006129545588495314
wolfgang kucharik,0.005775917958389816
projektteam danubeflats,0.005716980020038899
edith krauss,0.005245476513231567
berend jäger,0.0050686626981788175
julie wittrich,0.0050686626981788175
nicolas putzlager,0.005009724759827901
glorit verkaufsteam,0.0048329109447751515
pia bernard,0.004773973006424235
timo kohlweiss,0.004715035068073319
lydia knam,0.004656097129722403
petra krapfenbauer,0.004656097129722403
sabine berger,0.004420345376318737
christoph kolar,0.00436140743796782
engel & völkers wien mmc,0.004243531561265987
kevin gödel,0.0041845936229150706
phillip pölt,0.0041845936229150706
clemens gamper,0.0041845936229150706
mag. nicole schuster,0.0041845936229150706
tsvetilena galabinova,0.004125655684564154
alissa zwickelstorfer,0.004066717746213237
mag. michael schwabe,0.004066717746213237
ing. francis broinger,0.003889903931160488
mischek bauträger service gmbh,0.0037720280544586552
david-gabriel hösch,0.0037130901161077385
david plishtiev,0.003654152177756822
ihr valmacor team,0.003654152177756822
manuel wagner,0.0035952142394059055
mag. (fh) ingrid neugebauer,0.0035952142394059055
fabian doll,0.0035952142394059055
johanna obkircher,0.0035952142394059055
mag. christian leikam,0.0035952142394059055
"ike richson, bsc (wu)",0.0034773383627040725
benedikt wawra,0.003418400424353156
thomas kopatsch,0.003418400424353156
"learco andrea tews, msc (wu)",0.0033594624860022394
philipp schneider,0.003241586609300407
avana real estate gmbh,0.003123710732598574
geiger immobilien verkaufsteam,0.003123710732598574
benjamin marinkovic,0.003123710732598574
aleksandar mihajlovic,0.003064772794247657
alessandro hodosi,0.003005834855896741
wohngut immobiliengruppe,0.003005834855896741
alexander höchtl,0.003005834855896741
steindl & herzel immobilien,0.002946896917545824
simone müller und christian bernleithner,0.002946896917545824
eva-maria pichler,0.002946896917545824
doris kurzweil,0.002946896917545824
ferdinand stubenvoll,0.002946896917545824
christopher marton,0.002770083102493075
georg mels-colloredo,0.002770083102493075
nicolas büttner,0.002770083102493075
bianca benesch,0.0027111451641421585
frau sonja kaspar und herr massimo saccomanno,0.0027111451641421585
mario häring,0.0027111451641421585
david gabriel hösch,0.0026522072257912418
philipp kraus,0.0026522072257912418
lucas carlsen,0.0026522072257912418
alexandru filimon,0.0026522072257912418
"maximilian michael zillner, mba",0.0025932692874403255
sebastian scheuermann,0.0025932692874403255
galyna boiko,0.0025932692874403255
dr. milana isacharov,0.0025932692874403255
marie-louise eisenburger,0.0025932692874403255
vanessa hassler,0.0025932692874403255
ihsan poyraz,0.0025343313490894088
team tristar,0.0025343313490894088
dominik kirschner,0.0025343313490894088
prok. walter mitterstöger,0.0025343313490894088
sabine kolb,0.0024753934107384925
alexandra kraus,0.0024753934107384925
jasmin heida,0.0024753934107384925
gerhard klein,0.0024164554723875757
martin dreisiebner,0.0024164554723875757
gabriele kapoun,0.0024164554723875757
mag. patrizia hunter-kornherr,0.0023575175340366595
optin - caroline asen / david breitwieser,0.0023575175340366595
tatiana hanzl,0.0023575175340366595
mag. nataliya maystruk,0.0023575175340366595
cathrin markiewicz,0.0022985795956857427
jochen schön,0.0022985795956857427
mag. mariya stazic,0.0022985795956857427
sercan kilic,0.0022985795956857427
rafaela simic b.a.,0.0022985795956857427
cornelia köhler,0.0022985795956857427
paul bichelhuber,0.0022396416573348264
daniel madile-daschütz,0.0022396416573348264
sara hufnagl,0.0022396416573348264
mmag. andreas staudinger,0.0022396416573348264
isabella jindracek,0.00218070371898391
christoph kral,0.00218070371898391
david aleksic,0.0021217657806329934
aleksandar jankuloski,0.0021217657806329934
claudia sailer,0.0021217657806329934
peter hanke,0.002062827842282077
michael hellebrand,0.002062827842282077
ihr deck zehn vertriebsteam,0.002062827842282077
iman ajdari,0.002062827842282077
jana cocoglia,0.002062827842282077
martin wicho,0.0020038899039311604
mag. viktoria peter,0.0020038899039311604
daniel hartmann,0.001944951965580244
claus loidolt,0.001944951965580244
valentina krauss akad. m&s wu,0.001944951965580244
"ba, ma magdalena mayerhofer",0.0018860140272293276
mona taghavi,0.0018860140272293276
christina radel,0.0018860140272293276
dipl.ing. arancha traub-swittalek,0.001827076088878411
simone unger-ullmann,0.001827076088878411
wiener immobilien real estate,0.001827076088878411
rafael karschigijew,0.0017681381505274946
rene motamedi,0.0017681381505274946
helmut strempfl,0.0017681381505274946
melanie gumpinger,0.0017681381505274946
mag. heinrich birnleitner,0.0017681381505274946
daniela schachinger,0.001709200212176578
andrea eggenberger,0.001709200212176578
mag. hanna herzenstein,0.001709200212176578
vladimir adamovic,0.001709200212176578
quartier neue mitte,0.001709200212176578
katharina klasan,0.001709200212176578
betül cakmak,0.001709200212176578
di constantin mayer,0.001709200212176578
"dipl. ing., alexander lanner",0.0016502622738256616
amir oliver tarab,0.0016502622738256616
david achoonov,0.0016502622738256616
mcmakler team österreich,0.0016502622738256616
elisabeth karoly,0.0016502622738256616
team caroline asen / david breitwieser,0.001591324335474745
mag. jelena pirker,0.001591324335474745
michael schlaffer,0.001591324335474745
susanne müller,0.001591324335474745
stanislaus rohr,0.001591324335474745
david hösch,0.001591324335474745
reas immobilien reas realitäten asmus gmbh,0.001591324335474745
nikola todorovic,0.001591324335474745
maja arsic,0.001591324335474745
patrick bermann,0.0015323863971238286
milica iskic,0.0015323863971238286
leywand wohnen im nordbahnviertel,0.0015323863971238286
hubert koller,0.0015323863971238286
marlies sprinzl,0.0015323863971238286
mahyar bozorg,0.0015323863971238286
hamed mirzaei,0.0015323863971238286
julian himmelbauer,0.0015323863971238286
yildiz maria kabourek,0.001473448458772912
patrick winkler,0.001473448458772912
consulting company,0.001473448458772912
philipp buchholtz,0.001473448458772912
baris basaran,0.001473448458772912
deniz canakli,0.001473448458772912
"mag. philipp sedlar, mba",0.0014145105204219955
sia hyatt,0.0014145105204219955
andrea pöchhacker; msc,0.0014145105204219955
mag. michaela sauer,0.0014145105204219955
asw immobilien service & consulting gmbh firmensitz wien,0.0014145105204219955
alexander jaksch,0.0014145105204219955
bernhard stachl,0.0014145105204219955
jeremy feist,0.0013555725820710793
gabriele bors,0.0013555725820710793
anita bayer,0.0013555725820710793
milica cvetkovic,0.0013555725820710793
value one,0.0013555725820710793
ps immo,0.0013555725820710793
mag. michael skolet,0.0013555725820710793
"dejan cvetkovic,dipl.bo",0.0012966346437201627
mag. (fh) markus verner,0.0012966346437201627
sabine anzeletti,0.0012966346437201627
frau elisabeth papsch und herr massimo saccomanno,0.0012966346437201627
alexander hamersky,0.0012966346437201627
maria kohler,0.0012966346437201627
mariella gruber,0.0012966346437201627
elijah euler-rolle,0.0012376967053692462
laurenz schnitzer,0.0012376967053692462
dominik wurm-beinhofer,0.0012376967053692462
dr. claudia bonk,0.0012376967053692462
mag. marina eiffe,0.0012376967053692462
maximilian schandl,0.0012376967053692462
julia trimmel,0.0012376967053692462
adam brandis,0.0012376967053692462
maximilian henn,0.0011787587670183297
mag. michael leber,0.0011787587670183297
mag. christina baumgartner,0.0011787587670183297
aurelium real estate,0.0011787587670183297
mag. irene kueß,0.0011787587670183297
josephiné zender,0.0011787587670183297
mark prettenthaler,0.0011787587670183297
pauline socha,0.0011198208286674132
mag. verena brand,0.0011198208286674132
nicolas krenkel,0.0011198208286674132
jana koch,0.0011198208286674132
dr. de colle,0.0011198208286674132
mag. viola wasmuth,0.0011198208286674132
larissa abramov,0.0011198208286674132
serkan geyik,0.0011198208286674132
tristar immobilien,0.0010608828903164967
robert huber,0.0010608828903164967
"mag. pamela zoidl, wiener immobilien real estate",0.0010608828903164967
manuel plachner,0.0010608828903164967
auritas,0.0010608828903164967
danijel markovic,0.0010608828903164967
fa. agoreal,0.0010608828903164967
nebojsa stanisljevic,0.0010608828903164967
alicia knam,0.0010608828903164967
martina abiodun-regenfelder,0.0010608828903164967
snezana benes,0.0010019449519655802
"stjepan babic, ba ma",0.0010019449519655802
"sebastian huppmann, ma",0.0010019449519655802
strabag real estate gmbh,0.0010019449519655802
aurelie immobilien team,0.0010019449519655802
radnusch tabrizi,0.0010019449519655802
kateryna skora,0.0010019449519655802
gabriele glombitza,0.0010019449519655802
mag. robin kalandra,0.0010019449519655802
isabella budin,0.0010019449519655802
mag. damian ferenc,0.0010019449519655802
anastasiia tomilovych,0.0010019449519655802
andrej jokic,0.0010019449519655802
ihr helio tower vertriebsteam,0.0009430070136146638
karina trebos,0.0009430070136146638
alexandra trenz,0.0009430070136146638
gudrun bogner,0.0009430070136146638
caroline asen / david breitwieser,0.0009430070136146638
ines guelmami,0.0009430070136146638
alexander ringsmuth,0.0009430070136146638
karolina demic,0.0009430070136146638
wolfgang tröscher,0.0009430070136146638
tadeas lansky,0.0009430070136146638
manuel hacker,0.0009430070136146638
marina malaiev,0.0009430070136146638
mag. alexander kepka,0.0009430070136146638
michael steffek,0.0009430070136146638
meska modis,0.0008840690752637473
"ing.dragan cvetkovic, akad.im",0.0008840690752637473
michael nemetz,0.0008840690752637473
marija ivanov,0.0008840690752637473
maximilian schötta,0.0008840690752637473
mag. bettina zaininger,0.0008840690752637473
patrick guldenbrein,0.0008840690752637473
projektteam schlosspark freihof,0.0008840690752637473
ari abramov,0.0008251311369128308
verkaufsteam zima wien,0.0008251311369128308
ilana meirov,0.0008251311369128308
rami mansour,0.0008251311369128308
thomas berger,0.0008251311369128308
verkaufsteam j. lehner bauges.m.b.h,0.0008251311369128308
mag. mario rauch,0.0008251311369128308
di (fh) axel bernd-kostner,0.0008251311369128308
"natalia ricordati, bsc.",0.0008251311369128308
dipl.-ing. johannes qiu,0.0008251311369128308
"mag. elisabeth thurner-grössinger,mba",0.0008251311369128308
mag. günther wohlgenannt,0.0008251311369128308
alexander pluskota ma cis immozert,0.0008251311369128308
christopher ganster,0.0008251311369128308
rene felix,0.0008251311369128308
marion hinterreiter,0.0007661931985619143
andrea eisner,0.0007661931985619143
mag. michael hofer,0.0007661931985619143
mag.(fh) harald grassler,0.0007661931985619143
kerstin fried,0.0007661931985619143
ildiko pari,0.0007661931985619143
christian schwöglhofer,0.0007661931985619143
sarah el sayed,0.0007661931985619143
samet erdinc,0.0007661931985619143
daniel hausberger,0.0007661931985619143
moshe megre,0.0007072552602109978
doris pfandler,0.0007072552602109978
yunna zelenkova,0.0007072552602109978
philipp trattner,0.0007072552602109978
christian zellmann,0.0007072552602109978
j&p immobilienmakler gmbh,0.0007072552602109978
laura spallek,0.0007072552602109978
peter fleischmann,0.0007072552602109978
evelyn steiner,0.0007072552602109978
matthias fischer,0.0007072552602109978
christina nikocev,0.0007072552602109978
nedeljko bakic,0.0007072552602109978
philip korotyschev,0.0007072552602109978
felix kunej,0.0007072552602109978
mira bidlas,0.0007072552602109978
yeliz lav,0.0007072552602109978
denis omerovic,0.0007072552602109978
"patrick spreitzer, ba, ma",0.0007072552602109978
mag. ddr. silvia reischitz-martys,0.0006483173218600814
ihr schöneck vertriebsteam,0.0006483173218600814
dipl.ing. stella lessmann,0.0006483173218600814
projektteam triiiple,0.0006483173218600814
melanie eiblthauer,0.0006483173218600814
lukas wonko,0.0006483173218600814
nadine graf-holzer,0.0006483173218600814
ulrike höreth,0.0006483173218600814
georg fresacher,0.0006483173218600814
barbara bacovsky,0.0006483173218600814
natascha hamernik,0.0006483173218600814
ma msc sebastian kästner,0.0006483173218600814
elina strautmane,0.0006483173218600814
"johanna aigner, msc.",0.0006483173218600814
service team,0.0006483173218600814
martina bezak,0.0006483173218600814
nikolaus preiser,0.0006483173218600814
"mag.(fh) daniel fichtenbauer, m.a.",0.0006483173218600814
marlies muhr immobilien gmbh,0.0005893793835091649
luka siminiati,0.0005893793835091649
mag. (fh) david breitwieser,0.0005893793835091649
tatjana de giacomo,0.0005893793835091649
andrea kiefmann,0.0005893793835091649
barbara bradler,0.0005893793835091649
julia götz-schmerschneider,0.0005893793835091649
ulrike krempl,0.0005893793835091649
beatrix fötsch,0.0005893793835091649
alexandra urban,0.0005893793835091649
daniela hoffmann,0.0005893793835091649
mag. ulrike siebenhofer,0.0005893793835091649
di hannes einspieler,0.0005893793835091649
jasmina ibrahimbegovic,0.0005893793835091649
stefan boskovic,0.0005893793835091649
iryna borys,0.0005893793835091649
aurelian tranc,0.0005893793835091649
"erich schuller, ba",0.0005893793835091649
dejan stanisavljevic,0.0005893793835091649
desirée gottlieb,0.0005893793835091649
dipl. ing. birgit hofbauer domin,0.0005893793835091649
nina jordanov,0.0005893793835091649
nicole öttl,0.0005304414451582484
florian grestenberger,0.0005304414451582484
alfred peter bergmann,0.0005304414451582484
yasin akar,0.0005304414451582484
evgeny pilnikov,0.0005304414451582484
manuel daniloglu,0.0005304414451582484
elfriede-stefanie schlossnikl,0.0005304414451582484
amber lai,0.0005304414451582484
heinz-peter nastl,0.0005304414451582484
andreas ikic,0.0005304414451582484
mariana hiebl,0.0005304414451582484
mag. gregor martin,0.0005304414451582484
anna bogner,0.0005304414451582484
paul poteschil,0.0005304414451582484
claudia schwentner,0.0005304414451582484
fanny vorstandlechner,0.0005304414451582484
cristina galusca,0.0005304414451582484
milos jovic,0.0005304414451582484
valerio-damiano stoisser,0.0005304414451582484
"michael wagner, msc",0.0005304414451582484
vertriebsteam,0.0005304414451582484
lukas cevik,0.0005304414451582484
mag. ines lirsch-toifl,0.0005304414451582484
eva krulis,0.0005304414451582484
hubert bartl,0.0005304414451582484
paul kleindl,0.0005304414451582484
jürgen huber,0.0005304414451582484
martina schütz,0.0005304414451582484
andreas putz,0.0005304414451582484
irene mattes-grinaphidis,0.0005304414451582484
susanne sprachmann,0.0005304414451582484
tanja pfann,0.0005304414451582484
olivera jovicic,0.0005304414451582484
dean banovic,0.0005304414451582484
alexander prendinger,0.0005304414451582484
vermehrt gmbh,0.0005304414451582484
clemens gamlich,0.0005304414451582484
vassilena valkova,0.0005304414451582484
alfred xaver kiesling,0.0005304414451582484
maximilian wolf,0.0004715035068073319
alexandra riegler,0.0004715035068073319
rene sezgin,0.0004715035068073319
ronald höller,0.0004715035068073319
helmut wolkersberger,0.0004715035068073319
christopher martin,0.0004715035068073319
dipl. ing. konstantin makarius,0.0004715035068073319
fairin immobilien team,0.0004715035068073319
asadoros tadros,0.0004715035068073319
stefan locsmandi,0.0004715035068073319
mag.a sonja weinblatt-oppel,0.0004715035068073319
ing. wolfgang wagner,0.0004715035068073319
realimmo,0.0004715035068073319
barbara gräf,0.0004715035068073319
komm.-rat. ing. gerda chalupa,0.0004715035068073319
ing. dominic lorenz,0.0004715035068073319
belinda pöll,0.0004715035068073319
christian pohn,0.0004715035068073319
raiffeisen vorsorge wohnung gmbh,0.0004715035068073319
manuela kebhart,0.0004715035068073319
"paul senger, bsc",0.0004715035068073319
patrick silagi,0.0004715035068073319
dennis meryn,0.0004715035068073319
milot bunjaku,0.0004715035068073319
lora barnjak,0.0004715035068073319
elisabeth greutter,0.0004715035068073319
laurenz lindenberger,0.0004715035068073319
katharina rög-stöger,0.0004715035068073319
elza hallett,0.0004715035068073319
erhard rottensteiner,0.0004715035068073319
janine baron,0.0004715035068073319
team pawlowski,0.0004715035068073319
christian kiedl,0.0004125655684564154
markus halbauer,0.0004125655684564154
di lisa moosbrugger,0.0004125655684564154
boro mitranic,0.0004125655684564154
florian dinter,0.0004125655684564154
julian wöckinger,0.0004125655684564154
anton robert de icco,0.0004125655684564154
joseph gasteiger-rabenstein,0.0004125655684564154
msc. irene rief-hauser,0.0004125655684564154
ihr marina tower vertriebsteam,0.0004125655684564154
manfred kubicek,0.0004125655684564154
luca vogelsinger,0.0004125655684564154
mba dominik schreyer-richtarz,0.0004125655684564154
dkfm. dirk dose,0.0004125655684564154
robin freiberger,0.0004125655684564154
"daniel grüner, msc",0.0004125655684564154
gabriela mitritsch,0.0004125655684564154
philipp renner,0.0004125655684564154
maria engel,0.0004125655684564154
alexander kalinowski,0.0004125655684564154
michael riedler,0.0004125655684564154
immo 360 grad gmbh,0.0004125655684564154
georg tauzher,0.0004125655684564154
mag. marlene rokietowski,0.0004125655684564154
klaus hofreiter,0.0004125655684564154
florian fleischmann,0.0004125655684564154
özge kocabas,0.0004125655684564154
tim rauter,0.0004125655684564154
matthias deim,0.0004125655684564154
robert fried,0.0004125655684564154
mag. (fh) simon schmidt,0.0004125655684564154
"johanna aigner, msc",0.0004125655684564154
ing. kamil gazdula,0.0003536276301054989
hubertus hartig,0.0003536276301054989
philipp stummer,0.0003536276301054989
sascha günthner,0.0003536276301054989
dachraum verkaufsteam,0.0003536276301054989
helmut redl,0.0003536276301054989
wiener heim wohnbaugesellschaft m.b,0.0003536276301054989
peter köhler,0.0003536276301054989
sadia alperovits,0.0003536276301054989
daniel maxian,0.0003536276301054989
wolfgang konsel,0.0003536276301054989
beatrice marold,0.0003536276301054989
mmag. gregor zimmel,0.0003536276301054989
verkauf team 01,0.0003536276301054989
real3 immobilien gmbh,0.0003536276301054989
mag. karin locsmandi,0.0003536276301054989
crown consulting,0.0003536276301054989
harald schippl,0.0003536276301054989
dr. christine klingler,0.0003536276301054989
boris bueer,0.0003536276301054989
ivan paunovic,0.0003536276301054989
christopher jeckl,0.0003536276301054989
alexandra hartl,0.0003536276301054989
enrico gratian adel,0.0003536276301054989
daniel egger,0.0003536276301054989
hr. lukas krauss,0.0003536276301054989
monika riener,0.0003536276301054989
nicholas riedl,0.0003536276301054989
brigitte u. stanzel,0.0003536276301054989
di corneliu tanasescu,0.0003536276301054989
peter marschall,0.0003536276301054989
marius winter-morel,0.0003536276301054989
ing. christian gamperl,0.0003536276301054989
pia zobok,0.0003536276301054989
tatiana sagmeister,0.0003536276301054989
"dejan ljepoja, mba",0.0003536276301054989
alexander baumgartner,0.0003536276301054989
dominik pail,0.0003536276301054989
mag. emanuel höller,0.0003536276301054989
tatjana grinninger,0.0003536276301054989
dr. martin pfitscher,0.0003536276301054989
michael pinzolits,0.0003536276301054989
dr. markus mannlicher,0.0003536276301054989
ingrid stütz,0.0003536276301054989
thomas wagner,0.0003536276301054989
concetta merle,0.0003536276301054989
bennet varughese,0.0003536276301054989
peter bigus,0.0003536276301054989
udo bereswill,0.0003536276301054989
peter krammer,0.0003536276301054989
alexis forabosco,0.0003536276301054989
meralda beljur,0.0003536276301054989
roland gith,0.0003536276301054989
dieter marker,0.0003536276301054989
mag. nataliia borodaienko,0.0003536276301054989
deniz berber,0.0003536276301054989
lisa katrin stiegler,0.0003536276301054989
mag. christa preisl,0.0003536276301054989
mag. bernhard jakob,0.0003536276301054989
attila déry,0.0003536276301054989
nataliya schweda,0.00029468969175458243
matthias gregoritsch,0.00029468969175458243
nina bachinger,0.00029468969175458243
sasa nika,0.00029468969175458243
stefan besic,0.00029468969175458243
mag. philipp stolz,0.00029468969175458243
gregor roesler-schmidt,0.00029468969175458243
mag. manfred zeilinger,0.00029468969175458243
sabrina schmidt,0.00029468969175458243
elisabeth preissl,0.00029468969175458243
nina bruckmann,0.00029468969175458243
dr. monika alram,0.00029468969175458243
msc denise hartl-kirchner,0.00029468969175458243
angelika palsrok,0.00029468969175458243
johannes m. pokorny,0.00029468969175458243
jaqueline hofbauer-klischin,0.00029468969175458243
mag. sabine klein,0.00029468969175458243
sophie riess (vormals weilguni),0.00029468969175458243
rudolf brandstetter,0.00029468969175458243
kulev,0.00029468969175458243
said fahmy,0.00029468969175458243
peter führer,0.00029468969175458243
markus schafroth,0.00029468969175458243
stephan öppinger,0.00029468969175458243
antonius mikhael,0.00029468969175458243
mag. gudrun pehn-mungenast,0.00029468969175458243
captura,0.00029468969175458243
vladislav zakharov,0.00029468969175458243
maximilian cypris,0.00029468969175458243
jana brenkusova,0.00029468969175458243
"david schober, msc",0.00029468969175458243
romeo graf,0.00029468969175458243
anita zauder,0.00029468969175458243
mag. susanne gulz,0.00029468969175458243
ksenia zollner,0.00029468969175458243
"mag. alexandra wagner, msc.",0.00029468969175458243
"alexandra schober, msc.",0.00029468969175458243
martin melcher,0.00029468969175458243
"susanne landerer, ba",0.00029468969175458243
patrick bitschnau,0.00029468969175458243
thomas poltz,0.00029468969175458243
ursula rabas,0.00029468969175458243
franz lind,0.00029468969175458243
mag. beate bernleithner,0.00029468969175458243
"martin langstadlinger, ma",0.00029468969175458243
roswitha babitsch,0.00029468969175458243
darina bednarova,0.00029468969175458243
sven mayer,0.00029468969175458243
tobias,0.00029468969175458243
vladimir rancic,0.00029468969175458243
mag. stefan slezak,0.00029468969175458243
oliver kalandra,0.00029468969175458243
karin hanika,0.00029468969175458243
oliver jovanovic,0.00029468969175458243
mag. alexander pallendorf,0.00029468969175458243
roham loghmani bba,0.00029468969175458243
heidrun steiner,0.00029468969175458243
sanja heuer,0.00029468969175458243
alexander kratzer,0.00029468969175458243
österreichisches siedlungswerk gemeinnützige wohnungsaktiengesellschaft,0.00029468969175458243
david broscheit,0.00029468969175458243
michael vajk,0.00029468969175458243
thomas musser,0.00029468969175458243
gernot schmelz,0.00029468969175458243
mag.(fh) andreas willmann,0.00029468969175458243
christoph handl,0.00023575175340366595
susanne lauterbach,0.00023575175340366595
magdalena tiatco-frank,0.00023575175340366595
christopher reischel,0.00023575175340366595
barbara polster,0.00023575175340366595
roland langer,0.00023575175340366595
deborah uston,0.00023575175340366595
mag. barbara zischka,0.00023575175340366595
dr. marie-therese gabriel,0.00023575175340366595
denise lauchard,0.00023575175340366595
jürgen schuster,0.00023575175340366595
amanda huhbauer,0.00023575175340366595
uran neziroski,0.00023575175340366595
"daniel rudigier, msc",0.00023575175340366595
aci dipl. christian habisohn,0.00023575175340366595
mag. georg mayer,0.00023575175340366595
wilhelm fetscher,0.00023575175340366595
albert philipp edward sachsen-coburg und gotha,0.00023575175340366595
thomas aschauer,0.00023575175340366595
joffray turpin,0.00023575175340366595
christian steinhoff,0.00023575175340366595
georg papacek,0.00023575175340366595
mag. peter fellhofer,0.00023575175340366595
elly wenzel,0.00023575175340366595
thomas nussbichler,0.00023575175340366595
dr. martin schima,0.00023575175340366595
ing. mahmod farokhnia,0.00023575175340366595
katharina ertl,0.00023575175340366595
sascha lukes,0.00023575175340366595
doris el-aeraky,0.00023575175340366595
marie macho,0.00023575175340366595
paul hanifl,0.00023575175340366595
di (fh) richard schneider,0.00023575175340366595
christian meyrhofer,0.00023575175340366595
shteryu shterev,0.00023575175340366595
mag. thilo börner,0.00023575175340366595
matthias kundi,0.00023575175340366595
rafael steiner,0.00023575175340366595
ing. matthias gohn,0.00023575175340366595
mag. constantin battenfeld,0.00023575175340366595
anna pilnikova,0.00023575175340366595
rudolf rain-chot,0.00023575175340366595
maryam schubert,0.00023575175340366595
ing. alexander krapfenbauer,0.00023575175340366595
magda weinrother,0.00023575175340366595
di birgit amberger-horak,0.00023575175340366595
dr. marc berger,0.00023575175340366595
tibor birtalan,0.00023575175340366595
markus herten,0.00023575175340366595
josef fuhrmann,0.00023575175340366595
adelina taheri,0.00023575175340366595
verde lenz,0.00023575175340366595
kilian burns,0.00023575175340366595
kaiser,0.00023575175340366595
daniela plutsch,0.00023575175340366595
magister klaus deutschbauer,0.00023575175340366595
mag. fiorina doré -hirschbold,0.00023575175340366595
alexandra kotthaus,0.00023575175340366595
julien lindner,0.00023575175340366595
lucas taufer,0.00023575175340366595
komm.-rat roland oeser,0.00023575175340366595
"fischer, hörnisch immobilien gmbh",0.00023575175340366595
klaus lex,0.00023575175340366595
magdalena bezak,0.00023575175340366595
david klein,0.00023575175340366595
liliya mytsko,0.00023575175340366595
karin prosenik-resch,0.00023575175340366595
michael peschek,0.00023575175340366595
dipl. ing. kvetoslava kalabova,0.00023575175340366595
michelle wendler,0.00023575175340366595
mag. britta müller,0.00023575175340366595
mathias kreizinger,0.00023575175340366595
evelyn pellmann,0.00023575175340366595
marica ivancic,0.00023575175340366595
ursula klausberger,0.00023575175340366595
mag. martin knor,0.00023575175340366595
mag. dominik maitz,0.00023575175340366595
stefanie baumgartner,0.00023575175340366595
mag. michael moser,0.00023575175340366595
nina hafenrichter,0.00023575175340366595
mag. cornelia pflug,0.00023575175340366595
marieluise engelmann,0.00023575175340366595
mag.(fh) gernot kriwanek,0.00023575175340366595
ghi - gruber-hager immobilien,0.00023575175340366595
"mag. sami mona, msc",0.00023575175340366595
gabi lüftner,0.00023575175340366595
zuzana hutter,0.00023575175340366595
renate hartlieb,0.00023575175340366595
vivienne spicak,0.00023575175340366595
silvana ljubisavljevic,0.00023575175340366595
theresa holy,0.00023575175340366595
gerfried altmüller-wiesenberger,0.00023575175340366595
mag. michaela orisich,0.00023575175340366595
sabine nanni,0.00023575175340366595
dipl.im. mario kletzl,0.00023575175340366595
bmstr. di wolfgang steinbauer,0.00023575175340366595
mag. ing. harald urban,0.00017681381505274944
dr. andrea mittermayr,0.00017681381505274944
hartmut lehner,0.00017681381505274944
stefan bouvier,0.00017681381505274944
heinz tiefenbach,0.00017681381505274944
alexander penkner,0.00017681381505274944
kristian zimmermann,0.00017681381505274944
stefan luschnig,0.00017681381505274944
mag. eva zödi,0.00017681381505274944
nicole strassmeier,0.00017681381505274944
harald panek,0.00017681381505274944
doris schneider-hiesberger,0.00017681381505274944
amir samadani,0.00017681381505274944
elemér szüts,0.00017681381505274944
anita hosmann,0.00017681381505274944
gregor seher,0.00017681381505274944
erhard kovacevic,0.00017681381505274944
philip zorn,0.00017681381505274944
zelimchan kagirov,0.00017681381505274944
qin chen,0.00017681381505274944
volkan siddetli,0.00017681381505274944
maria zeiler,0.00017681381505274944
mag. georgia olbrich,0.00017681381505274944
lukas hochmuth,0.00017681381505274944
hans georg homolatsch,0.00017681381505274944
mag. antonia drößler ba,0.00017681381505274944
christian poth,0.00017681381505274944
susanne schuster-aßmann,0.00017681381505274944
kevin dzieza,0.00017681381505274944
"aslan kurtaran, mba",0.00017681381505274944
alexander sigon,0.00017681381505274944
armin max mahdavi,0.00017681381505274944
mag. andrea jäger,0.00017681381505274944
helene christiani,0.00017681381505274944
mag. alexander steinbach,0.00017681381505274944
patrick cruz,0.00017681381505274944
mag. anna steurer,0.00017681381505274944
mario reinsperger,0.00017681381505274944
gabi strobl,0.00017681381505274944
kenan bilgili,0.00017681381505274944
slobodan lajic,0.00017681381505274944
thomas eder,0.00017681381505274944
max palka,0.00017681381505274944
bernhard koglbauer,0.00017681381505274944
ulrike katharina dvorak,0.00017681381505274944
mag. florian huber,0.00017681381505274944
jutta nitsch,0.00017681381505274944
arkadi moullaev,0.00017681381505274944
"dildora djuraeva, llm",0.00017681381505274944
pino reinhard lux,0.00017681381505274944
renate fussenegger,0.00017681381505274944
tamara jilek,0.00017681381505274944
silvia m. hufnagl,0.00017681381505274944
gerald gansterer,0.00017681381505274944
martina denich-kobula,0.00017681381505274944
walter fichtinger ceo nr1-immomax,0.00017681381505274944
sylvia leisch,0.00017681381505274944
barbara forsthuber,0.00017681381505274944
daniel masek,0.00017681381505274944
daniela erlach,0.00017681381505274944
mag. karin rössler-haider,0.00017681381505274944
andreas moritzer,0.00017681381505274944
"doris deutsch, mba, akad. im.",0.00017681381505274944
geschäftsführerin mag. uta ribarits,0.00017681381505274944
müge altinbas,0.00017681381505274944
mag.(fh) daniel fichtenbauer,0.00017681381505274944
snezana touchyn,0.00017681381505274944
bianca wildner,0.00017681381505274944
nikita neznamov,0.00017681381505274944
baris ipci,0.00017681381505274944
stefan bruckböck,0.00017681381505274944
"patricia malloth, m.a.",0.00017681381505274944
gertraud holler,0.00017681381505274944
dipl.ing. monika pavlova,0.00017681381505274944
dr. angelo zedtwitz-liebenstein,0.00017681381505274944
paul-ovidiu pintilie,0.00017681381505274944
heinz wares,0.00017681381505274944
tassilo hofbauer,0.00017681381505274944
dr. ingrid petter,0.00017681381505274944
nadine ackerling,0.00017681381505274944
wolfgang schoiswohl,0.00017681381505274944
amir tarab,0.00017681381505274944
mag. marion schaflechner,0.00017681381505274944
c&p immobilien ag,0.00017681381505274944
zsuzsanna bodola,0.00017681381505274944
andreas frank,0.00017681381505274944
thomas nawara,0.00017681381505274944
silvia bayr,0.00017681381505274944
markus peter halbauer,0.00017681381505274944
achim ertl,0.00017681381505274944
dipl.ing. aydin yilmaz,0.00017681381505274944
dimitri grabar,0.00017681381505274944
sabrina ritter,0.00017681381505274944
thomas vuckovic,0.00017681381505274944
susanne opitz,0.00017681381505274944
hofbauer immobilien,0.00017681381505274944
walter heidinger,0.00017681381505274944
susanne hauk,0.00017681381505274944
bettina hecking,0.00017681381505274944
angelika müllner,0.00017681381505274944
nicoletta sutter,0.00017681381505274944
angelika ertler,0.00017681381505274944
mmag. christoph göttlicher,0.00017681381505274944
di celen arca,0.00017681381505274944
"alexandra kassler, ba ma",0.00017681381505274944
mag. wolfgang buchwieser,0.00017681381505274944
jonathan beglarian,0.00017681381505274944
"mario moisi, ma, mba",0.00017681381505274944
ing. kevin lebenbauer,0.00017681381505274944
carina radosztics,0.00017681381505274944
christian schepp,0.00017681381505274944
alena gröfler-riedl,0.00017681381505274944
ing. herbert rybar,0.00017681381505274944
anette mazanec,0.00017681381505274944
martin bei,0.00017681381505274944
mag.iur. martin fridl,0.00017681381505274944
mag. tamara saleh,0.00017681381505274944
david sattmann,0.00017681381505274944
heinrich brim,0.00017681381505274944
dr. eggert koch,0.00017681381505274944
nesrin helal,0.00017681381505274944
harald anderlik,0.00017681381505274944
mag. gertraud fuchs,0.00017681381505274944
abdul cetin,0.00017681381505274944
yelena nikolayeva,0.00017681381505274944
gerhard wagner,0.00017681381505274944
"ing. richard stangl, msc.",0.00017681381505274944
maria leiner,0.00017681381505274944
michael bajer,0.00017681381505274944
klaus walchhofer,0.00017681381505274944
dr. theresa goriany,0.00017681381505274944
marcus haider,0.00017681381505274944
jessica steiner,0.00017681381505274944
mag. sibylle grün,0.00017681381505274944
"florian brucer, ma",0.00017681381505274944
farzin dadgar,0.00017681381505274944
graziana zanoni,0.00017681381505274944
harald sorger,0.00017681381505274944
mag. christian klein,0.00017681381505274944
ivan erstic,0.00017681381505274944
"katja cruz, ba",0.00017681381505274944
fuhrmann immobilientreuhand e.u.,0.00017681381505274944
msc irene lindenberger,0.00017681381505274944
wenzel waechter,0.00017681381505274944
michal lizak,0.00017681381505274944
danka müllner,0.00017681381505274944
grazia belmar,0.00017681381505274944
mag. katharina bauer ma,0.00017681381505274944
mag.(fh) peter hack,0.00017681381505274944
michael fath,0.00017681381505274944
paul weber,0.00011787587670183298
oliver baumgartner,0.00011787587670183298
brigitte handler,0.00011787587670183298
angelo dzakula,0.00011787587670183298
lukas hausleitner,0.00011787587670183298
erwin zischka,0.00011787587670183298
nowak group gmbh,0.00011787587670183298
barbara fieber,0.00011787587670183298
simon bakshi,0.00011787587670183298
sabine schmutzer,0.00011787587670183298
stefan schierl,0.00011787587670183298
ricarda honetz,0.00011787587670183298
mario markovic,0.00011787587670183298
aurelium real estate gmbh,0.00011787587670183298
sophie cogorno,0.00011787587670183298
alexandra jarolim,0.00011787587670183298
mueldenberg immobilien,0.00011787587670183298
sebastian rabler,0.00011787587670183298
ingeborg nagl,0.00011787587670183298
mag. ursula rapottnig,0.00011787587670183298
nina ferner,0.00011787587670183298
immobilien thomas,0.00011787587670183298
moritz immobilien,0.00011787587670183298
laura reiter,0.00011787587670183298
wondwesen tekle asfaw,0.00011787587670183298
emanuel berger,0.00011787587670183298
akad.im franz zöchmeister,0.00011787587670183298
team hacker & partner,0.00011787587670183298
jasmin milletich,0.00011787587670183298
melina laussner,0.00011787587670183298
albert ipp,0.00011787587670183298
olga savelova,0.00011787587670183298
ba isabella zyla,0.00011787587670183298
mag. dominik r. j. graf,0.00011787587670183298
office t19-re real estate gmbh & co kg,0.00011787587670183298
danijela und dobrica stojanovic,0.00011787587670183298
tom uzel,0.00011787587670183298
katrin valk,0.00011787587670183298
yasin eren,0.00011787587670183298
djordje urukalo,0.00011787587670183298
homeland immobilien linz,0.00011787587670183298
aurelie immobilien office team,0.00011787587670183298
markus dassler,0.00011787587670183298
miroslav stojadinovic,0.00011787587670183298
mag.(fh) norbert riener,0.00011787587670183298
cornelia baumgartner,0.00011787587670183298
bernhard wiesner,0.00011787587670183298
"klaudio alexander graf, ba, mls",0.00011787587670183298
thomas mayer,0.00011787587670183298
jannis gaffron,0.00011787587670183298
denise mayer,0.00011787587670183298
norbert mehwald,0.00011787587670183298
bogosavljevic,0.00011787587670183298
wolfgang glaser,0.00011787587670183298
werner leskovec,0.00011787587670183298
markus konir,0.00011787587670183298
manuel von stein,0.00011787587670183298
frano kaurinovic,0.00011787587670183298
erna bruckner,0.00011787587670183298
andrea chromecek,0.00011787587670183298
jasmin rotter,0.00011787587670183298
mathias molnar,0.00011787587670183298
mag. iur. polina klemenko,0.00011787587670183298
victor vassilev,0.00011787587670183298
khava alaudinova,0.00011787587670183298
a.metz,0.00011787587670183298
rosina vasquez,0.00011787587670183298
dietmar pirker,0.00011787587670183298
mag. michael steger,0.00011787587670183298
walter michaela,0.00011787587670183298
michael tinhof,0.00011787587670183298
mag. martin f. kny,0.00011787587670183298
ing. werner petermair mba,0.00011787587670183298
markus steinwender,0.00011787587670183298
johanna schwarz,0.00011787587670183298
chimmo investment & relocation consulting gmbh,0.00011787587670183298
bruno brehm,0.00011787587670183298
sabine steinecker,0.00011787587670183298
mag. martina gruber,0.00011787587670183298
roswitha adler,0.00011787587670183298
aurelium real estate immobilien,0.00011787587670183298
marija bilobrk,0.00011787587670183298
rana wintersteiner,0.00011787587670183298
franz frauwallner,0.00011787587670183298
aes consulting gmbh,0.00011787587670183298
wolfgang prokschi,0.00011787587670183298
mag. michaela mazakarini,0.00011787587670183298
zeljko miskic,0.00011787587670183298
sarah tiefenbacher,0.00011787587670183298
oliver graf,0.00011787587670183298
andreas gössl,0.00011787587670183298
stephanie bauer,0.00011787587670183298
michael altmann,0.00011787587670183298
anela emric,0.00011787587670183298
olga konzier,0.00011787587670183298
susi el-sayerir,0.00011787587670183298
heribert fritzsche,0.00011787587670183298
mario molnar,0.00011787587670183298
jacob kapsch,0.00011787587670183298
"catharina chalupa, msc",0.00011787587670183298
predrag trifunovic,0.00011787587670183298
mag. christian neissl,0.00011787587670183298
thomas kowalczyk,0.00011787587670183298
natalya klein,0.00011787587670183298
claudia avramovic,0.00011787587670183298
mag. veleddin michael kiamil,0.00011787587670183298
stefan brudermann,0.00011787587670183298
mag. ursula hensel,0.00011787587670183298
aldin dacic,0.00011787587670183298
"mag. katja gerstl, ba mrics",0.00011787587670183298
ferdinand faast,0.00011787587670183298
ralph peschak,0.00011787587670183298
herwig froschauer,0.00011787587670183298
dipl. teb sabine prchla,0.00011787587670183298
enes güclü,0.00011787587670183298
ma ksenia petrova-hufnagl,0.00011787587670183298
johanna aigner,0.00011787587670183298
mag. susanne janauer,0.00011787587670183298
mag. markus frisch,0.00011787587670183298
paul tibaj,0.00011787587670183298
mag. johann schandl,0.00011787587670183298
thomas teissl,0.00011787587670183298
raffael kerculj,0.00011787587670183298
barbara mucha,0.00011787587670183298
mag. ing. thomas hrastnik,0.00011787587670183298
robert renner,0.00011787587670183298
monika zingler,0.00011787587670183298
rene koder-griesner,0.00011787587670183298
mag. alexander farouati,0.00011787587670183298
natascha hennlich,0.00011787587670183298
mag. norbert brigelhuber,0.00011787587670183298
sabine pospisil,0.00011787587670183298
alexander lafenthaler,0.00011787587670183298
jawid sarwari,0.00011787587670183298
mag. monika mansoory,0.00011787587670183298
christian fröschl,0.00011787587670183298
siehe mitarbeiter/in im exposé,0.00011787587670183298
alexander ludwig trommet,0.00011787587670183298
ruth zeillinger,0.00011787587670183298
christian zollner,0.00011787587670183298
elisabeth weghuber,0.00011787587670183298
nikoletta kainzner,0.00011787587670183298
"sara karasinski - filipsky, ba",0.00011787587670183298
verena latinovich,0.00011787587670183298
mag. martin verhunc,0.00011787587670183298
murat gökcayoglu,0.00011787587670183298
wohnen & wert realitätenvermittlung gmbh,0.00011787587670183298
gemeinnützige bauvereinigung wohnungseigentum gesellschaft mit beschränkter haftung,0.00011787587670183298
bernhard sarközi,0.00011787587670183298
klaudija krstic,0.00011787587670183298
bajro gudzevic,0.00011787587670183298
frieder tim heissenberger msc,0.00011787587670183298
mag. eva wissiak,0.00011787587670183298
markus brittinger,0.00011787587670183298
julian obertscheider,0.00011787587670183298
josef huber,0.00011787587670183298
ewald reinberger,0.00011787587670183298
jessica jauk,0.00011787587670183298
ildiko e horvath ba,0.00011787587670183298
dragana kalabic,0.00011787587670183298
andreas hammer,0.00011787587670183298
harald gaberscik,0.00011787587670183298
office team,0.00011787587670183298
michael österreicher,0.00011787587670183298
walter pap,0.00011787587670183298
rudolf ley,0.00011787587670183298
"ferdinand kastner, msc",0.00011787587670183298
rudolf legler,0.00011787587670183298
"dipl.-ing. ali farhadi, mba",0.00011787587670183298
lukas schmid,0.00011787587670183298
tarik canakli,0.00011787587670183298
elena iakovleva,0.00011787587670183298
adonia immobilien,0.00011787587670183298
ernst thomas,0.00011787587670183298
ömer uyar,0.00011787587670183298
mag. christian rinder,0.00011787587670183298
ifin immobilien,0.00011787587670183298
martina riva,0.00011787587670183298
horst freiberger,0.00011787587670183298
franz aichinger,0.00011787587670183298
robert habel,0.00011787587670183298
karina schunker,0.00011787587670183298
mag. tania oppel,0.00011787587670183298
ruhollah ghiami,0.00011787587670183298
mario schmid,0.00011787587670183298
matthias schiffer,0.00011787587670183298
michaela gradwohl,0.00011787587670183298
christian musyl,0.00011787587670183298
optin immobilien gmbh,0.00011787587670183298
otmar kases,0.00011787587670183298
erwin sedlacek,0.00011787587670183298
sarah wertheimer,0.00011787587670183298
mmag. harry d. machold,0.00011787587670183298
mag. nikolaus seifert,0.00011787587670183298
christine stöger,0.00011787587670183298
bisher salem,0.00011787587670183298
bence bueer,0.00011787587670183298
nikola dobrosavljevic,0.00011787587670183298
konstantin zelzer,0.00011787587670183298
erkan özmen,0.00011787587670183298
eveline momirov,0.00011787587670183298
evgeniya yudina,0.00011787587670183298
sedat biljali,0.00011787587670183298
wolfgang mayer,0.00011787587670183298
predrag milutinovic,0.00011787587670183298
monika vass,0.00011787587670183298
peter vacha,0.00011787587670183298
suchagents at gmbh,0.00011787587670183298
dr. martin stiller,0.00011787587670183298
manuel haubl,0.00011787587670183298
mag. gabriela paumgartner-eccli,0.00011787587670183298
ing. christian domnanovich,0.00011787587670183298
ursula vellusig,0.00011787587670183298
iman ali,0.00011787587670183298
ing. elmar pittracher,0.00011787587670183298
michaela bauhofer-kucharowits,0.00011787587670183298
misun kim,0.00011787587670183298
teodor pytel,0.00011787587670183298
isaac baruwa,0.00011787587670183298
mag. thomas tischler,0.00011787587670183298
gerald markel,0.00011787587670183298
mag. tencho veselinov,0.00011787587670183298
anita belegic,0.00011787587670183298
hermine rosenthaler,0.00011787587670183298
florian trompeter,0.00011787587670183298
stephan huemer,0.00011787587670183298
walter haider,0.00011787587670183298
alexandra fellner,0.00011787587670183298
mag. mario anderle,0.00011787587670183298
jeanette kaucic,0.00011787587670183298
mag. christof pasterk,0.00011787587670183298
masoumeh kern,0.00011787587670183298
thomas joni,0.00011787587670183298
klemens kofler,0.00011787587670183298
linhardt immobilien gmbh,0.00011787587670183298
harald ebner,0.00011787587670183298
mmag. markus satzer,0.00011787587670183298
christoph krenn,0.00011787587670183298
"erwin kolarik, mba",0.00011787587670183298
kr silvia dubkowitsch,0.00011787587670183298
andreas wagner,0.00011787587670183298
ursula von merveldt,0.00011787587670183298
rudolf kosa,0.00011787587670183298
"julia handler, mba",0.00011787587670183298
mag. ahmet turan damar,0.00011787587670183298
michel schreyer,5.893793835091649e-05
philipp sulek,5.893793835091649e-05
top 12 brandstetter,5.893793835091649e-05
martin högl,5.893793835091649e-05
josef heiss,5.893793835091649e-05
maximilian siebenhofer,5.893793835091649e-05
top 16 brandstetter,5.893793835091649e-05
rade lukic,5.893793835091649e-05
barbara reithofer,5.893793835091649e-05
kathrin schober,5.893793835091649e-05
melissa metal,5.893793835091649e-05
top 04 brandstetter,5.893793835091649e-05
prime invest immobilien- u vermögen,5.893793835091649e-05
georg lotter,5.893793835091649e-05
bianca höhs,5.893793835091649e-05
top 05 brandstetter,5.893793835091649e-05
daniela brazda,5.893793835091649e-05
frau sonja kaspar & herr claus loidolt,5.893793835091649e-05
christoph aschauer,5.893793835091649e-05
auritas finanzmanagement gmbh,5.893793835091649e-05
julia pauer,5.893793835091649e-05
ihr team von remax real experts,5.893793835091649e-05
werner riedl,5.893793835091649e-05
mag. elisabeth raab,5.893793835091649e-05
mag. claudia kiener,5.893793835091649e-05
"nikoletta grosz, ba",5.893793835091649e-05
martin meindl,5.893793835091649e-05
ing. robert ras,5.893793835091649e-05
martin schildberger,5.893793835091649e-05
julia kolarik,5.893793835091649e-05
doris breis,5.893793835091649e-05
elisabeth rist,5.893793835091649e-05
martina hödl,5.893793835091649e-05
andreas theiner,5.893793835091649e-05
top 07 brandstetter,5.893793835091649e-05
bogdan yarish,5.893793835091649e-05
olivia grabenschweiger,5.893793835091649e-05
nathalie ghraizi,5.893793835091649e-05
yvonne knaak,5.893793835091649e-05
nicole straub,5.893793835091649e-05
mag. paul zödi,5.893793835091649e-05
marion duregger,5.893793835091649e-05
dr. natalia schlosser,5.893793835091649e-05
ricarda grbic,5.893793835091649e-05
patrick moser,5.893793835091649e-05
katrin erhart,5.893793835091649e-05
alexander varvaressos,5.893793835091649e-05
frau elisabeth papsch & frau evelyn steiner,5.893793835091649e-05
alexander knobloch ll.b.,5.893793835091649e-05
markus ferlin,5.893793835091649e-05
yvonne kratky,5.893793835091649e-05
mag. juwal grauss,5.893793835091649e-05
martin loibelsberger,5.893793835091649e-05
andrenio josé miranda,5.893793835091649e-05
dilara akan,5.893793835091649e-05
sophie kühnel,5.893793835091649e-05
ing. robert posch,5.893793835091649e-05
mag. mag. georg hönigschnabel,5.893793835091649e-05
verkaufsteam danubeflats,5.893793835091649e-05
thomas engl,5.893793835091649e-05
"barbara fuchs, mba",5.893793835091649e-05
angela lessky,5.893793835091649e-05
ing. nikolaus roschütz,5.893793835091649e-05
mag. johannes kretschy,5.893793835091649e-05
hochleitner immobilien hochreal og,5.893793835091649e-05
michael layr,5.893793835091649e-05
mag. elisabeth huber,5.893793835091649e-05
bruno franz,5.893793835091649e-05
kasim dogan,5.893793835091649e-05
beatrice hubner,5.893793835091649e-05
michael novotny,5.893793835091649e-05
elena krauss,5.893793835091649e-05
"eva-maria magán, ma",5.893793835091649e-05
laura kowalczyk,5.893793835091649e-05
fa. till immobilien,5.893793835091649e-05
stefan schmiedseder,5.893793835091649e-05
simone vasicek,5.893793835091649e-05
jelena adamovic,5.893793835091649e-05
thomas ehrenfest,5.893793835091649e-05
mag. michael kelemen,5.893793835091649e-05
sanela-anamaria erdelean-adam,5.893793835091649e-05
martina gebauer,5.893793835091649e-05
andreas ortmann,5.893793835091649e-05
volchok nasuev,5.893793835091649e-05
evgeniya million,5.893793835091649e-05
werner daniel,5.893793835091649e-05
simone klein,5.893793835091649e-05
mag. lukas suk,5.893793835091649e-05
top 25 brandstetter,5.893793835091649e-05
top 24 brandstetter,5.893793835091649e-05
top 23 brandstetter,5.893793835091649e-05
top 22 brandstetter,5.893793835091649e-05
top 21 brandstetter,5.893793835091649e-05
top 20 brandstetter,5.893793835091649e-05
top 19 brandstetter,5.893793835091649e-05
top 18 brandstetter,5.893793835091649e-05
top 17 brandstetter,5.893793835091649e-05
top 13 brandstetter,5.893793835091649e-05
top 15 brandstetter,5.893793835091649e-05
boris von othegraven,5.893793835091649e-05
top 14 brandstetter,5.893793835091649e-05
top 10 brandstetter,5.893793835091649e-05
top 11 brandstetter,5.893793835091649e-05
top 08 brandstetter,5.893793835091649e-05
lukas schwaiger,5.893793835091649e-05
top 06 brandstetter,5.893793835091649e-05
top 03 brandstetter,5.893793835091649e-05
top 01 brandstetter,5.893793835091649e-05
ralph tamele,5.893793835091649e-05
mag. karin jama,5.893793835091649e-05
franz obergruber,5.893793835091649e-05
martina wasserbauer,5.893793835091649e-05
ing. stephanie leiner,5.893793835091649e-05
timothy hauptmann,5.893793835091649e-05
thomas raminger,5.893793835091649e-05
stefan kafka,5.893793835091649e-05
ljubicic,5.893793835091649e-05
hilde neuwirth,5.893793835091649e-05
ingrid lion,5.893793835091649e-05
axel pagacz,5.893793835091649e-05
vera heigl,5.893793835091649e-05
claudia schediwy,5.893793835091649e-05
akad. im günter puschert,5.893793835091649e-05
renate steinberger,5.893793835091649e-05
pia schelling,5.893793835091649e-05
denis gimbel,5.893793835091649e-05
elisabeth pajor,5.893793835091649e-05
andreas feiler,5.893793835091649e-05
reischer uwe,5.893793835091649e-05
ing. carsten mähler,5.893793835091649e-05
sabine goth,5.893793835091649e-05
alexander krammel,5.893793835091649e-05
mag. michael baumgarth,5.893793835091649e-05
nicole pecie,5.893793835091649e-05
christian karner,5.893793835091649e-05
charlotte maierhofer,5.893793835091649e-05
helga herber,5.893793835091649e-05
"gf michael pfeifer, mba, pmm",5.893793835091649e-05
roland wurth,5.893793835091649e-05
mag. alina violeta ioane,5.893793835091649e-05
ing. anton eibensteiner,5.893793835091649e-05
andreas heger,5.893793835091649e-05
gerald wimberger,5.893793835091649e-05
akad. immobilienmanager jürgen heinzl,5.893793835091649e-05
jessica dafku,5.893793835091649e-05
mag. maja eggenberger,5.893793835091649e-05
diana ciboch,5.893793835091649e-05
"mag. elisabeth thurner-grössinger, mba",5.893793835091649e-05
erich trompeter,5.893793835091649e-05
alexander ochs,5.893793835091649e-05
elisabeth lemmerer,5.893793835091649e-05
manuel hannes böhm,5.893793835091649e-05
andreas kahler,5.893793835091649e-05
lukas groß,5.893793835091649e-05
christoph chromecek,5.893793835091649e-05
ba evelyn ruzicka,5.893793835091649e-05
"heinz hier, ma",5.893793835091649e-05
margaretha kaiser,5.893793835091649e-05
christian cabek,5.893793835091649e-05
giorgi gorgodze,5.893793835091649e-05
paul kneisz,5.893793835091649e-05
heimo knoll,5.893793835091649e-05
grp immobilien,5.893793835091649e-05
elisabeth wiederkehr,5.893793835091649e-05
karin hammerschmied,5.893793835091649e-05
zoe schachinger,5.893793835091649e-05
heinrich pichler,5.893793835091649e-05
thomas pfann,5.893793835091649e-05
philipp maier,5.893793835091649e-05
artjom zakaryan,5.893793835091649e-05
zalina dacic,5.893793835091649e-05
flora peichler,5.893793835091649e-05
akad. im rené pöllmann,5.893793835091649e-05
sandra huemer,5.893793835091649e-05
cornelia mozdzanowski,5.893793835091649e-05
dietmar schermann,5.893793835091649e-05
zuzana rueff,5.893793835091649e-05
brigitta grausam,5.893793835091649e-05
mladen petronic,5.893793835091649e-05
madeleine ellend,5.893793835091649e-05
mag. evelyn hendrich,5.893793835091649e-05
mag. ludwig happenhofer,5.893793835091649e-05
robin holy,5.893793835091649e-05
fsr-real team,5.893793835091649e-05
bischof immobilien ges.m.b.h,5.893793835091649e-05
christian gölles,5.893793835091649e-05
loni yanling wang,5.893793835091649e-05
martin beneder,5.893793835091649e-05
valentina krauss,5.893793835091649e-05
gentrit paqarizi,5.893793835091649e-05
manuela schreibmaier,5.893793835091649e-05
leopold schödl,5.893793835091649e-05
richard mühlbauer,5.893793835091649e-05
peter lasek,5.893793835091649e-05
mag. sabina berloffa,5.893793835091649e-05
uwe fallmann,5.893793835091649e-05
andreas topf,5.893793835091649e-05
yusra badis,5.893793835091649e-05
jakob baierl,5.893793835091649e-05
danijela lovric,5.893793835091649e-05
vivien kosa,5.893793835091649e-05
dominik heil,5.893793835091649e-05
valentina lavryk,5.893793835091649e-05
wiener heim wohnbaugesellschaft m.b.h.,5.893793835091649e-05
ingrid dominik,5.893793835091649e-05
stipo bilobrk,5.893793835091649e-05
fazli topak,5.893793835091649e-05
karsten petsch,5.893793835091649e-05
rachel waller,5.893793835091649e-05
sebastian spitzer,5.893793835091649e-05
sakir gök,5.893793835091649e-05
pia schneiter,5.893793835091649e-05
team wien commercial,5.893793835091649e-05
dipl.oec. vladanka jasika msc,5.893793835091649e-05
melanie figl-mayr,5.893793835091649e-05
mag. martina marolt,5.893793835091649e-05
mag. dieter riedlinger-baumgartner,5.893793835091649e-05
alina pustovit,5.893793835091649e-05
sebastian kampf,5.893793835091649e-05
kathrin hugl,5.893793835091649e-05
bsc. laura fick,5.893793835091649e-05
patrick eisler,5.893793835091649e-05
carolin schächter,5.893793835091649e-05
domell canda,5.893793835091649e-05
elisabeth schwab,5.893793835091649e-05
"mathias mesaric, ba ba ma",5.893793835091649e-05
petra beckmann,5.893793835091649e-05
mag. ruth schweighofer,5.893793835091649e-05
tamara salagaeva,5.893793835091649e-05
team immowuk,5.893793835091649e-05
dino mujic,5.893793835091649e-05
eva dukes,5.893793835091649e-05
dieter beischroth,5.893793835091649e-05
birgit krampl,5.893793835091649e-05
b. pippan,5.893793835091649e-05
francis kulvicki,5.893793835091649e-05
mag.iur. niki ochsenhofer,5.893793835091649e-05
andreas beil,5.893793835091649e-05
nina anita wunderlich,5.893793835091649e-05
di günter vojta,5.893793835091649e-05
"herar manfred, staatlich geprüfter immobilienmakler",5.893793835091649e-05
eva bretterklieber,5.893793835091649e-05
florin iovan,5.893793835091649e-05
thomas hauser,5.893793835091649e-05
olena turchynska,5.893793835091649e-05
milica ljubojevic,5.893793835091649e-05
mag. michael fiam,5.893793835091649e-05
stefan oberrader,5.893793835091649e-05
larissa klimscha,5.893793835091649e-05
sitarz & partner immobilien gmbh,5.893793835091649e-05
finn v.,5.893793835091649e-05
hannes pletz,5.893793835091649e-05
iaroslav ilcenco,5.893793835091649e-05
martina urich,5.893793835091649e-05
dipl.-ing. peter wittmann,5.893793835091649e-05
di jolanta karasinski,5.893793835091649e-05
dr. markus singer,5.893793835091649e-05
julius opfermann,5.893793835091649e-05
michael wukovits,5.893793835091649e-05
mag. thomas g. frey,5.893793835091649e-05
anna pötz,5.893793835091649e-05
peter huber,5.893793835091649e-05
susanne kusbach,5.893793835091649e-05
kerstin freitag,5.893793835091649e-05
dennis feighner,5.893793835091649e-05
olimpia barasics,5.893793835091649e-05
andreas schlögl,5.893793835091649e-05
katharina pavlik,5.893793835091649e-05
elisabeth huemer,5.893793835091649e-05
dijana cakaric,5.893793835091649e-05
andreas c. repolles,5.893793835091649e-05
mag. angelika verhunc,5.893793835091649e-05
renata schönbauer,5.893793835091649e-05
"topas immoreal, herr papst",5.893793835091649e-05
jetmir zejneli,5.893793835091649e-05
anton kotliarenko,5.893793835091649e-05
mr. dirk dose,5.893793835091649e-05
barbara lederer,5.893793835091649e-05
sergej popov,5.893793835091649e-05
gerald kopecny,5.893793835091649e-05
thomas prendinger,5.893793835091649e-05
andrea-boja jokanovic,5.893793835091649e-05
gert mayr,5.893793835091649e-05
olga troll,5.893793835091649e-05
kommr. eva maria gschwandner,5.893793835091649e-05
otto jahn,5.893793835091649e-05
mag. helga macho,5.893793835091649e-05
christian jukl i dipl.im i univ.zert.immobilienbewertung,5.893793835091649e-05
alexander bergmann,5.893793835091649e-05
anita hirschler,5.893793835091649e-05
daniela bara,5.893793835091649e-05
mag. angelika filek,5.893793835091649e-05
xianyu cinthia chen,5.893793835091649e-05
d. kremmer,5.893793835091649e-05
tina müllauer,5.893793835091649e-05
samuel ayub stahl,5.893793835091649e-05
wolfram wassermann,5.893793835091649e-05
markus krenek,5.893793835091649e-05
p. bichelhuber,5.893793835091649e-05
hannes froschauer,5.893793835091649e-05
bernard paller,5.893793835091649e-05
melina stummer,5.893793835091649e-05
michaela baumann,5.893793835091649e-05
immobilien dr. kepplinger,5.893793835091649e-05
bsc. lisa stiedl,5.893793835091649e-05
mag. michael schwarzl,5.893793835091649e-05
"ing. matthias mischek, ma mba",5.893793835091649e-05
stefanie petronijevic,5.893793835091649e-05
susanne angelmayr,5.893793835091649e-05
ing. peter fahrner,5.893793835091649e-05
robert baier,5.893793835091649e-05
songül gencigör,5.893793835091649e-05
sebastian sokal,5.893793835091649e-05
mag. svetlana papadopoulos piskorová,5.893793835091649e-05
christina urteil,5.893793835091649e-05
rudolf bernscher,5.893793835091649e-05
elmar zeisel,5.893793835091649e-05
thorsten schneider,5.893793835091649e-05
igor nikolic,5.893793835091649e-05
oliver badura,5.893793835091649e-05
mag. alena hawle,5.893793835091649e-05
z-plus immobilien e.u.,5.893793835091649e-05
nicole nell,5.893793835091649e-05
brunhilde körbler,5.893793835091649e-05
reinhard srnka,5.893793835091649e-05
franz michalek,5.893793835091649e-05
gabi hofstetter,5.893793835091649e-05
ismail baykal,5.893793835091649e-05
eva suchanek,5.893793835091649e-05
roald austraat,5.893793835091649e-05
völker,5.893793835091649e-05
dr. gerald jahn,5.893793835091649e-05
daniel weiss,5.893793835091649e-05
herr reda tarabulsy,5.893793835091649e-05
martin stangl,5.893793835091649e-05
markus lill,5.893793835091649e-05
mele bell,5.893793835091649e-05
johannes bieber,5.893793835091649e-05
dietmar petritsch,5.893793835091649e-05
christian gredler,5.893793835091649e-05
pepic holding,5.893793835091649e-05
hubert knebelreiter,5.893793835091649e-05
ulrike rösch,5.893793835091649e-05
steven michael waldner,5.893793835091649e-05
wolfgang pacher,5.893793835091649e-05
michaela amenda,5.893793835091649e-05
simon jaros,5.893793835091649e-05
"alexandra samarskaya, msc",5.893793835091649e-05
zoltan nagy,5.893793835091649e-05
ing. jürgen hackl,5.893793835091649e-05
alice schiffinger,5.893793835091649e-05
boban radoicic,5.893793835091649e-05
robert e. meier,5.893793835091649e-05
mag. rene fünder,5.893793835091649e-05
paulina joven,5.893793835091649e-05
mag. marton matura,5.893793835091649e-05
"mag. ing. christoph schiffer, msc",5.893793835091649e-05
gabriele dürler,5.893793835091649e-05
"richard. fetscher, mba",5.893793835091649e-05
bianca sigl,5.893793835091649e-05
suliman magomadov,5.893793835091649e-05
markus cicek,5.893793835091649e-05
anja rechberger,5.893793835091649e-05
walter adam,5.893793835091649e-05
moritz zoigner,5.893793835091649e-05
artur kukalaj,5.893793835091649e-05
di christian mayr,5.893793835091649e-05
albrecht kospach,5.893793835091649e-05
viviane weninger,5.893793835091649e-05
christoph oehl,5.893793835091649e-05
iris wiedermayer,5.893793835091649e-05
anna sitarz,5.893793835091649e-05
christoph braun,5.893793835091649e-05
yellowbird immobilienmakler gmbh,5.893793835091649e-05
mag. michael uhlir,5.893793835091649e-05
martina zoldos,5.893793835091649e-05
daniel deutsch,5.893793835091649e-05
philipp mayer,5.893793835091649e-05
evelyne eisele-bruckböck,5.893793835091649e-05
sonja winter,5.893793835091649e-05
jennifer barna,5.893793835091649e-05
emre er,5.893793835091649e-05
klaus kofler,5.893793835091649e-05
günter krammer,5.893793835091649e-05
ing. raoul-arthur billan,5.893793835091649e-05
richard wolczecki,5.893793835091649e-05
mmag. christina babinek,5.893793835091649e-05
amt-immobilien,5.893793835091649e-05
höller matthias,5.893793835091649e-05
katharina kolitsch,5.893793835091649e-05
barbara wonisch,5.893793835091649e-05
francisca petersen,5.893793835091649e-05
georg römer,5.893793835091649e-05
ing. ivan bilobrk,5.893793835091649e-05
mag. peter niessl,5.893793835091649e-05
alexander kurz jun.,5.893793835091649e-05
ing. thomas gruber,5.893793835091649e-05
team hillinger,5.893793835091649e-05
franz hugl,5.893793835091649e-05
paul pawlowski,5.893793835091649e-05
ingrid köck,5.893793835091649e-05
rudolf lackner,5.893793835091649e-05
schottleitner gesmbh,5.893793835091649e-05
mag. nicole lisette gruber,5.893793835091649e-05
agenda bau,5.893793835091649e-05
jennifer doerk,5.893793835091649e-05
marion scheidle,5.893793835091649e-05
susanne walcher,5.893793835091649e-05
herbert dopplinger,5.893793835091649e-05
mag. nicole gruber,5.893793835091649e-05
mag. c. leikam,5.893793835091649e-05
k. matyas,5.893793835091649e-05
samanta petrovic,5.893793835091649e-05
robert reithner,5.893793835091649e-05
ljiljana lukijanovic,5.893793835091649e-05
julien-guido lietz,5.893793835091649e-05
mag. romana zeilinger,5.893793835091649e-05
vires real solutions,5.893793835091649e-05
mag. olha otto,5.893793835091649e-05
daniel sabani,5.893793835091649e-05
jakob matthias jelinek,5.893793835091649e-05
dorothea enzenberg,5.893793835091649e-05
claudia friesinger,5.893793835091649e-05
olga gilka,5.893793835091649e-05
jakub jan gurba,5.893793835091649e-05
claudia haslinger,5.893793835091649e-05
weinblatt-oppel immobilien,5.893793835091649e-05
kommr. josef vuzem,5.893793835091649e-05
martin wagner,5.893793835091649e-05
mag. dr. wolfgang stocker,5.893793835091649e-05
ulrike ostermann,5.893793835091649e-05
thomas buchmann,5.893793835091649e-05
anna schlachter,5.893793835091649e-05
anna denk,5.893793835091649e-05
mag. marion lewinter-ybinger,5.893793835091649e-05
mag. irene dräxler,5.893793835091649e-05
dr. elisabeth bräuer,5.893793835091649e-05
ing. werner zehle,5.893793835091649e-05
judith kroiss,5.893793835091649e-05
"marlene heigl, msc",5.893793835091649e-05
anita engel,5.893793835091649e-05
"martin fuchsbauer, mba",5.893793835091649e-05
hans-peter kebhart,5.893793835091649e-05
tanja frey,5.893793835091649e-05
michaela rintelen,5.893793835091649e-05
patrik hahn,5.893793835091649e-05
sonja kaiser,5.893793835091649e-05
maryam hashemi,5.893793835091649e-05
michael frank,5.893793835091649e-05
dr. patrick proché,5.893793835091649e-05
arch. di robert angst,5.893793835091649e-05
wolfgang ullmann,5.893793835091649e-05
mag. (fh) constantin bruckbög,5.893793835091649e-05
lenikus immobilien gmbh,5.893793835091649e-05
silvija fijuljanin,5.893793835091649e-05
florian konrad,5.893793835091649e-05
patrick ehmann,5.893793835091649e-05
"sandra gamperl, ba",5.893793835091649e-05
dipl.ing. renate lauterbach,5.893793835091649e-05
mag. monika feichtinger,5.893793835091649e-05
team lizak & partner,5.893793835091649e-05
xaver freigassner,5.893793835091649e-05
stephanie dukes,5.893793835091649e-05
vertrieb,5.893793835091649e-05
ing. klaus ruetz,5.893793835091649e-05
nebojsa sargic,5.893793835091649e-05
erika müller,5.893793835091649e-05
michael zlabinger,5.893793835091649e-05
gerald kneißl,5.893793835091649e-05
manuel wurmetzberger,5.893793835091649e-05
julian kases,5.893793835091649e-05
gerhard gradl,5.893793835091649e-05
maria hirschegger,5.893793835091649e-05
hannes vogl,5.893793835091649e-05
dipl.-ing. wolfgang grande,5.893793835091649e-05
david achoonov b.a.,5.893793835091649e-05
ing. richard gstettner,5.893793835091649e-05
stephanie zowa,5.893793835091649e-05
florian rindler,5.893793835091649e-05
katrin peck,5.893793835091649e-05
mag. etienne monnier,5.893793835091649e-05
franz alexander hager,5.893793835091649e-05
brigitte müller,5.893793835091649e-05
faton asllani,5.893793835091649e-05
sascha kimayr,5.893793835091649e-05
michael sax,5.893793835091649e-05
lisa obetzhauser,5.893793835091649e-05
lukas mach,5.893793835091649e-05
mag. karl urban,5.893793835091649e-05
michael kloiber,5.893793835091649e-05
eva marschall,5.893793835091649e-05
maria grace deutschbauer,5.893793835091649e-05
niko stojcic,5.893793835091649e-05
josef sieber,5.893793835091649e-05
ing. michael resch,5.893793835091649e-05
iles hakimov,5.893793835091649e-05
thomas froschauer,5.893793835091649e-05
florian eitler,5.893793835091649e-05
michael kutschera,5.893793835091649e-05
moritz strachwitz,5.893793835091649e-05
valerii tsurikov,5.893793835091649e-05
ernst glaser,5.893793835091649e-05
franz ecker,5.893793835091649e-05
mag. mira krauliz,5.893793835091649e-05
"florian heckl, mba",5.893793835091649e-05
eric freiberger,5.893793835091649e-05
herta haertl,5.893793835091649e-05
wolfgang stern,5.893793835091649e-05
karl popp,5.893793835091649e-05
katharina hlawaty,5.893793835091649e-05
hilde renner,5.893793835091649e-05
ewald wieser,5.893793835091649e-05
theresa wastl,5.893793835091649e-05
mag. sabine lang,5.893793835091649e-05
marija marjanovic,5.893793835091649e-05
